State,Year,cents_nominal,gas_share,cents_real,tier
AK,2001,10.54,57.76548296604598,18.669012196499153,Other states
AK,2002,10.46,55.82947471859265,18.238949082823794,Other states
AK,2003,10.5,52.92039480451295,17.90073097826087,Other states
AK,2004,10.99,55.51693140670876,18.25009057702488,Other states
AK,2005,11.72,56.61880903358377,18.824552380952383,Other states
AK,2006,12.84,60.79727643640126,19.97900178571429,Other states
AK,2007,13.28,56.69721077457505,20.091394507625083,Other states
AK,2008,14.74,59.07852502363895,21.475668522965314,Other states
AK,2009,15.09,53.37687452655182,22.064105538904712,Other states
AK,2010,14.76,55.47720744614752,21.233305389441245,Other states
AK,2011,16.08,56.853645578367264,22.424386700394326,Other states
AK,2012,16.33,51.91217230057674,22.311303300608902,Other states
AK,2013,16.49,52.656600558915756,22.204662705992952,Other states
AK,2014,17.46,54.41195598750917,23.13551779197081,Other states
AK,2015,17.59,49.16060415561843,23.280142394849317,Other states
AK,2016,17.93,47.994801606431786,23.434498868782992,Other states
AK,2017,19.1,49.78660911807772,24.442966302219325,Other states
AK,2018,19.36,47.18637107296059,24.18498504621536,Other states
AK,2019,20.22,44.26057468460311,24.809770825754818,Other states
AK,2020,19.82,42.07416273012046,24.02261101730607,Other states
AK,2021,20.02,46.778064525127895,23.176195815034873,Other states
AK,2022,20.73,48.24192187541081,22.219927798944155,Other states
AK,2023,21.41,47.37257966678203,22.04147491647577,Other states
AK,2024,22.17,46.84527597763159,22.17,Other states
AL,2001,5.6,7.66897230369085,9.919019762845851,Other states
AL,2002,5.71,11.965080374632478,9.9564435241801,Other states
AL,2003,5.88,8.90526248322917,10.024409347826088,Other states
AL,2004,6.08,11.631935959472424,10.096501429327688,Other states
AL,2005,6.46,10.054072973755344,10.375990476190477,Other states
AL,2006,7.07,13.774201537152647,11.000898958333334,Other states
AL,2007,7.57,16.152665183122213,11.452700031831467,Other states
AL,2008,8.59,15.330729483283717,12.515331927562551,Other states
AL,2009,8.83,22.07040612093258,12.910937833567171,Other states
AL,2010,8.89,25.786976648491333,12.788894641743406,Other states
AL,2011,9.1,30.498461641099105,12.690417846616194,Other states
AL,2012,9.18,36.4373875317402,12.542422798505187,Other states
AL,2013,9.02,30.93941729743867,12.145910103581349,Other states
AL,2014,9.27,32.32217056374553,12.283290374087592,Other states
AL,2015,9.33,36.62473724717298,12.3481369268871,Other states
AL,2016,9.56,40.596676767395984,12.494914065006437,Other states
AL,2017,9.83,37.855140151860205,12.579809358681462,Other states
AL,2018,9.63,40.535800460607504,12.030031301397413,Other states
AL,2019,9.83,40.08802726318656,12.061327755547472,Other states
AL,2020,9.84,40.15320044961672,11.926462785584848,Other states
AL,2021,10.18,38.146573754006866,11.78489877108167,Other states
AL,2022,11.59,42.97114489299949,12.423008354547164,Other states
AL,2023,11.47,44.35641131767114,11.808300667537464,Other states
AL,2024,11.9,45.19885347183164,11.9,Other states
AR,2001,6.05,5.735925564557663,10.716083850931676,Other states
AR,2002,5.61,9.667714694587847,9.782074986103392,Other states
AR,2003,5.57,14.485518877851497,9.495911576086957,Other states
AR,2004,5.67,9.761207674557545,9.415651826363154,Other states
AR,2005,6.3,12.565585724502368,10.119,Other states
AR,2006,6.99,17.793016629146404,10.876419196428571,Other states
AR,2007,6.96,15.320197165240476,10.529827241948087,Other states
AR,2008,7.6,15.369649133973793,11.072936280497718,Other states
AR,2009,7.57,19.529854803371222,11.068606953579103,Other states
AR,2010,7.28,20.441047842723755,10.472795612136332,Other states
AR,2011,7.43,21.11760267649537,10.361516989050367,Other states
AR,2012,7.62,26.332181321145516,10.411030688955288,Other states
AR,2013,7.93,20.12413056779255,10.678167086629722,Other states
AR,2014,7.9,15.608661215960081,10.467960512976482,Other states
AR,2015,8.19,26.757449698726198,10.83936135382694,Other states
AR,2016,8.13,30.062319899464406,10.625904952772212,Other states
AR,2017,8.26,28.48919533251844,10.570623123368145,Other states
AR,2018,7.78,30.329266961249868,9.718966098117537,Other states
AR,2019,8.22,33.78556935785228,10.085871225900329,Other states
AR,2020,8.32,33.504584877885044,10.084163656104264,Other states
AR,2021,9.1,33.76286586129495,10.534634461379488,Other states
AR,2022,9.91,39.507504965857684,10.62226167330133,Other states
AR,2023,9.73,41.913435904849585,10.01698042677764,Other states
AR,2024,9.59,40.1759977709057,9.59,Other states
AZ,2001,7.27,14.316558662411094,12.87701315640881,Other states
AZ,2002,7.21,18.37109204037672,12.571971595330739,Other states
AZ,2003,7.34,20.056567308660608,12.513463369565217,Other states
AZ,2004,7.45,27.031200360911484,12.371535468501854,Other states
AZ,2005,7.79,28.47201047818391,12.512223809523809,Other states
AZ,2006,8.24,31.48601497609101,12.821415476190477,Other states
AZ,2007,8.54,33.941143260023274,12.920219058367334,Other states
AZ,2008,9.11,32.498491618542275,13.272953883596607,Other states
AZ,2009,9.56,31.025080098686047,13.978320010068193,Other states
AZ,2010,9.69,26.555425382173688,13.939751302417726,Other states
AZ,2011,9.71,21.50531591184096,13.541094207762995,Other states
AZ,2012,9.81,27.31618199267023,13.403177304284956,Other states
AZ,2013,10.14,26.194019841633825,13.654049717329809,Other states
AZ,2014,10.18,24.267380760218053,13.48909342051906,Other states
AZ,2015,10.34,29.747651377143182,13.684859145124612,Other states
AZ,2016,10.33,31.42858038641272,13.501303586978715,Other states
AZ,2017,10.64,27.954847044827265,13.61639588772846,Other states
AZ,2018,10.85,33.207976037984814,13.554085111127925,Other states
AZ,2019,10.52,40.5843774446677,12.907951982539105,Other states
AZ,2020,10.44,46.454913792323445,12.65368612616929,Other states
AZ,2021,10.73,44.24593815622208,12.421607447318893,Other states
AZ,2022,11.31,43.031301809047946,12.12288390767286,Other states
AZ,2023,12.19,47.22648421205333,12.549536629231184,Other states
AZ,2024,12.74,47.480467632091425,12.74,Other states
CA,2001,11.22,56.36177401794069,19.873464596273294,Other states
CA,2002,12.19,48.65318327860224,21.25552479155086,Other states
CA,2003,11.78,47.42614890463771,20.082915326086958,Other states
CA,2004,11.35,51.4539738876644,18.847909740603495,Other states
CA,2005,11.63,46.608685190100026,18.67999523809524,Other states
CA,2006,12.82,48.75080978349832,19.947881845238097,Other states
CA,2007,12.8,54.873985013847516,19.36519952542177,Other states
CA,2008,12.49,57.692700048176235,18.19749659781796,Other states
CA,2009,13.24,55.40853511189477,19.359095913525405,Other states
CA,2010,13.01,52.674586189573205,18.715806444216163,Other states
CA,2011,13.05,44.30860811479769,18.198895922894653,Other states
CA,2012,13.53,59.97854274885604,18.48572771936549,Other states
CA,2013,14.3,59.73839612641652,19.255711139824093,Other states
CA,2014,15.15,60.574355142178604,20.07463313564477,Other states
CA,2015,15.42,59.04287296693489,20.408174856655855,Other states
CA,2016,15.23,49.28517439157357,19.905600544984104,Other states
CA,2017,16.06,42.85794298152595,20.552567477154046,Other states
CA,2018,16.58,45.94398479388996,20.712141119124514,Other states
CA,2019,16.89,42.54087946348863,20.7238886867952,Other states
CA,2020,18.0,47.67194885185887,21.81670021753326,Other states
CA,2021,19.65,49.41396273233053,22.747864523748014,Other states
CA,2022,22.33,47.384073850069626,23.9349246382259,Other states
CA,2023,24.87,43.57230210323609,25.603525510170595,Other states
CA,2024,27.04,40.45712473876692,27.04,Other states
CO,2001,6.02,20.035383990298488,10.662946245059288,Other states
CO,2002,6.0,19.7991517089723,10.462112284602556,Other states
CO,2003,6.77,19.791224564661654,11.541709402173915,Other states
CO,2004,6.95,22.451660861577558,11.541231074642669,Other states
CO,2005,7.64,24.03080301964496,12.271295238095236,Other states
CO,2006,7.61,23.508927400462102,11.841137351190477,Other states
CO,2007,7.76,27.851232626440865,11.740152212286947,Other states
CO,2008,8.59,25.237785759159802,12.515331927562551,Other states
CO,2009,8.31,27.370245100893186,12.150610803730826,Other states
CO,2010,9.15,21.81013853253711,13.16292305646256,Other states
CO,2011,9.39,19.805166981528888,13.094837756013856,Other states
CO,2012,9.39,20.024934593973086,12.829340967098446,Other states
CO,2013,9.88,20.229171126093554,13.303945878423917,Other states
CO,2014,10.06,22.19942115667416,13.330086425385241,Other states
CO,2015,9.94,22.223833122074506,13.155464207208766,Other states
CO,2016,9.83,23.29987717407763,12.847803897386326,Other states
CO,2017,9.99,23.27509385353637,12.784567191579635,Other states
CO,2018,10.02,29.60740330651207,12.517228830737494,Other states
CO,2019,10.17,30.347539359676766,12.478504910876682,Other states
CO,2020,10.27,33.579108022356316,12.447639513003699,Other states
CO,2021,10.9,25.61605280310843,12.618408310883122,Other states
CO,2022,11.75,26.610027918643592,12.59450803847534,Other states
CO,2023,11.76,29.925694433981022,12.106854040997435,Other states
CO,2024,12.07,30.48859071748472,12.07,Other states
CT,2001,9.62,13.408138351676774,17.039458949745907,CT
CT,2002,9.71,28.323617806128855,16.931185047248473,CT
CT,2003,10.16,17.13184780530072,17.321088260869566,CT
CT,2004,10.26,24.845109649595898,17.037846161990473,CT
CT,2005,12.06,26.420145582617955,19.370657142857144,CT
CT,2006,14.83,30.230554202938396,23.07543586309524,CT
CT,2007,16.45,29.93426920315144,24.887307202592815,CT
CT,2008,17.8,26.537296453641275,25.933982341165706,CT
CT,2009,18.07,31.4339589072974,26.421364286813,CT
CT,2010,17.38,35.12984839438815,25.002360953149648,CT
CT,2011,16.35,45.00828557481462,22.800915581557668,CT
CT,2012,15.54,45.78708064978061,21.23194447590094,CT
CT,2013,15.66,44.313247028021785,21.08702352794722,CT
CT,2014,17.05,43.60220245402052,22.592243891930256,CT
CT,2015,17.77,46.335790742945235,23.518370116911445,CT
CT,2016,17.24,49.1868356908158,22.532669297145496,CT
CT,2017,17.55,46.180646312635595,22.459374796018277,CT
CT,2018,18.41,50.70888674358142,22.99822183372029,CT
CT,2019,18.66,53.29107303219038,22.895663877773735,CT
CT,2020,19.13,57.14126281130546,23.18630417563396,CT
CT,2021,18.32,55.55565713866736,21.208187179392553,CT
CT,2022,21.08,56.97642633283303,22.595083357537035,CT
CT,2023,24.24,61.35780387640731,24.954944043688588,CT
CT,2024,24.37,58.166938522850884,24.37,CT
DC,2001,7.4,0.0,13.10727611518916,Other states
DC,2002,7.34,0.0,12.798650694830462,Other states
DC,2003,7.4,0.0,12.615753260869566,Other states
DC,2004,7.47,0.0,12.404747644256222,Other states
DC,2005,9.18,0.0,14.74482857142857,Other states
DC,2006,11.08,0.0,17.240447023809526,Other states
DC,2007,11.79,0.0,17.837164250368954,Other states
DC,2008,13.18,0.0,19.202802654863145,Other states
DC,2009,13.23,0.0,19.344474239874707,Other states
DC,2010,13.35,0.0,19.204920525002752,Other states
DC,2011,12.81,35.444594212211484,17.864203584082798,Other states
DC,2012,11.85,86.90710017134022,16.190382370619442,Other states
DC,2013,11.85,100.0,15.956655734749333,Other states
DC,2014,12.11,100.0,16.046455925588,Other states
DC,2015,12.07,42.14511627906977,15.974492251610645,Other states
DC,2016,11.73,29.685906321102596,15.331102717837398,Other states
DC,2017,11.8,29.46568766729973,15.100890176240211,Other states
DC,2018,12.03,28.702524864176677,15.028169943490227,Other states
DC,2019,12.27,63.25999540441176,15.055187340851218,Other states
DC,2020,11.9,66.4014639191662,14.423262921591435,Other states
DC,2021,12.81,64.93195200401703,14.829523895634203,Other states
DC,2022,14.94,50.0957956027634,16.013782986793327,Other states
DC,2023,16.5,51.9055099784721,16.986657455481094,Other states
DC,2024,16.88,53.20387830871552,16.88,Other states
DE,2001,6.8,23.142760445402576,12.04452399774139,Other states
DE,2002,6.91,24.038078203891754,12.048865981100612,Other states
DE,2003,6.96,19.801449808428703,11.865627391304349,Other states
DE,2004,7.53,21.87521362277105,12.504384171519323,Other states
DE,2005,7.76,19.551449702134857,12.464038095238097,Other states
DE,2006,10.13,16.301013940198374,15.762249851190479,Other states
DE,2007,11.35,22.28670813997811,17.171485516682583,Other states
DE,2008,12.38,18.43485752419742,18.037230414810757,Other states
DE,2009,12.2,28.428856549011133,17.838441853852714,Other states
DE,2010,11.97,50.90909252449293,17.219692785339547,Other states
DE,2011,11.48,71.79406881872445,16.009450206500432,Other states
DE,2012,11.06,78.93176431779955,15.11102354591148,Other states
DE,2013,10.9,76.42564220645107,14.677430169516263,Other states
DE,2014,11.22,81.74711926293008,14.867154045012168,Other states
DE,2015,11.17,85.64995980796942,14.783353641299993,Other states
DE,2016,11.09,89.19065642408354,14.494623115159142,Other states
DE,2017,10.9,89.69062867864038,13.94912736618799,Other states
DE,2018,10.55,86.5320149651222,13.179317780866326,Other states
DE,2019,10.52,91.39876901146287,12.907951982539105,Other states
DE,2020,10.24,92.56003221287547,12.411278345974477,Other states
DE,2021,10.5,86.73852983629283,12.15534745543787,Other states
DE,2022,11.83,89.4746409914908,12.680257880439427,Other states
DE,2023,12.85,91.83960215076972,13.229002927450427,Other states
DE,2024,13.56,87.63242799026173,13.559999999999999,Other states
FL,2001,7.67,22.81794574682062,13.585514568040656,Other states
FL,2002,7.31,31.061309588718423,12.746340133407447,Other states
FL,2003,7.72,32.12145029238534,13.161299347826086,Other states
FL,2004,8.16,35.108058609469275,13.550567707781894,Other states
FL,2005,8.76,37.95358066579237,14.070228571428572,Other states
FL,2006,10.45,42.98790756023171,16.260168898809525,Other states
FL,2007,10.33,44.49868523121201,15.628321179500537,Other states
FL,2008,10.74,47.06092718935675,15.647807322703354,Other states
FL,2009,11.49,54.28816473005645,16.80030302465309,Other states
FL,2010,10.58,56.1486396517686,15.220079337417912,Other states
FL,2011,10.61,61.454352480397525,14.796190478307453,Other states
FL,2012,10.44,67.70794085700349,14.263931810064724,Other states
FL,2013,10.22,62.48518025316393,13.761773975454698,Other states
FL,2014,10.77,60.88015979518845,14.270877813260341,Other states
FL,2015,10.49,65.63431357083681,13.883382246843055,Other states
FL,2016,9.91,66.52145336554715,12.95236384772111,Other states
FL,2017,10.42,67.57361918321743,13.334853867493473,Other states
FL,2018,10.32,70.36674801911067,12.891996160999097,Other states
FL,2019,10.44,74.10596881391972,12.809792651873408,Other states
FL,2020,10.06,75.5181294717656,12.193111343799146,Other states
FL,2021,10.67,73.66466427315065,12.352148319002103,Other states
FL,2022,12.51,74.66291508763399,13.40913153713417,Other states
FL,2023,13.53,75.90142880517031,13.929059113494496,Other states
FL,2024,12.53,76.84798215789256,12.53,Other states
GA,2001,6.39,3.2673917477594836,11.318310050818747,Other states
GA,2002,6.24,5.44544256062547,10.880596775986659,Other states
GA,2003,6.32,3.4470503978204343,10.774535217391305,Other states
GA,2004,6.58,4.8336257133206235,10.926805823186871,Other states
GA,2005,7.43,7.149472972042329,11.933995238095239,Other states
GA,2006,7.63,9.391043016180369,11.872257291666667,Other states
GA,2007,7.86,11.077073816419256,11.891442833579305,Other states
GA,2008,8.84,9.86125960948539,12.879573252578924,Other states
GA,2009,8.81,15.93318395874708,12.881694486265774,Other states
GA,2010,8.87,17.36079958341275,12.760123225226547,Other states
GA,2011,9.61,21.277550657326454,13.401639066591386,Other states
GA,2012,9.37,34.78036596689278,12.80201542723242,Other states
GA,2013,9.69,33.34320150047654,13.048100765377301,Other states
GA,2014,10.03,32.55062111033219,13.290334676601786,Other states
GA,2015,9.62,39.17876846585403,12.73194825687609,Other states
GA,2016,9.59,39.63285284700267,12.534124046381981,Other states
GA,2017,9.83,41.36547810003434,12.579809358681462,Other states
GA,2018,9.62,40.21383700482417,12.017539057055359,Other states
GA,2019,9.86,45.55076719905404,12.098137504547108,Other states
GA,2020,9.93,49.26203876038595,12.035546286672515,Other states
GA,2021,10.43,45.63033339117528,12.074311805734952,Other states
GA,2022,12.0,47.316997788972515,12.862476294613112,Other states
GA,2023,11.06,46.46591779187727,11.386207967128541,Other states
GA,2024,11.4,40.72554750878486,11.4,Other states
HI,2001,14.05,0.0,24.88611208356861,Other states
HI,2002,13.39,0.0,23.347947248471375,Other states
HI,2003,14.47,0.0,24.66891211956522,Other states
HI,2004,15.7,0.0,26.0715579671784,Other states
HI,2005,18.33,0.0,29.441471428571425,Other states
HI,2006,20.72,0.0,32.24025833333334,Other states
HI,2007,21.29,0.0,32.20977327314292,Other states
HI,2008,29.2,0.0,42.54338676191229,Other states
HI,2009,21.21,0.0,31.01256981313247,Other states
HI,2010,25.12,0.0,36.13689914517372,Other states
HI,2011,31.59,0.0,44.05387909611051,Other states
HI,2012,34.04,0.0,46.50806885197348,Other states
HI,2013,33.26,0.0,44.78636031542302,Other states
HI,2014,33.43,0.0,44.29669872769668,Other states
HI,2015,26.17,0.0,34.635663813144205,Other states
HI,2016,23.87,0.0,31.198075181140556,Other states
HI,2017,26.05,0.0,33.33713466873368,Other states
HI,2018,29.18,0.0,36.452368990111786,Other states
HI,2019,28.72,0.0,35.23919970898509,Other states
HI,2020,27.55,0.0,33.39167172183563,Other states
HI,2021,30.31,0.0,35.088436321363986,Other states
HI,2022,39.72,0.0,42.574796535169405,Other states
HI,2023,38.6,0.0,39.73848350191335,Other states
HI,2024,38.0,0.0,38.0,Other states
IA,2001,6.14,1.458125176838739,10.875496668548843,Other states
IA,2002,6.01,1.304350054777534,10.479549138410228,Other states
IA,2003,6.11,0.7429351637488973,10.416520597826088,Other states
IA,2004,6.4,1.906914529993383,10.627896241397567,Other states
IA,2005,6.69,5.618400694263269,10.745414285714286,Other states
IA,2006,7.01,5.276673969980561,10.907539136904763,Other states
IA,2007,6.83,6.207928515927455,10.333149434268021,Other states
IA,2008,6.89,4.074820050322881,10.03849091745122,Other states
IA,2009,7.37,2.2834854635637445,10.776173480565125,Other states
IA,2010,7.66,2.281732191540132,11.019452525956636,Other states
IA,2011,7.56,1.7582916090749319,10.542808672573454,Other states
IA,2012,7.71,3.42456479270744,10.533995618352396,Other states
IA,2013,8.07,2.523367937397932,10.86668453834828,Other states
IA,2014,8.15,2.414135036214796,10.79922508617194,Other states
IA,2015,8.35,4.232581709378919,11.05111932899328,Other states
IA,2016,8.55,5.44366708451221,11.174844692029819,Other states
IA,2017,8.73,7.8872064073144665,11.17209925750653,Other states
IA,2018,8.92,11.580946835614556,11.143081953111622,Other states
IA,2019,9.08,12.420974109587963,11.141084030556566,Other states
IA,2020,8.97,11.799491624876245,10.871988941737408,Other states
IA,2021,9.13,9.617514887733137,10.569364025537883,Other states
IA,2022,9.57,10.055931721870037,10.257824844953959,Other states
IA,2023,9.42,14.664838065074784,9.697837165492842,Other states
IA,2024,9.34,13.85745982481758,9.34,Other states
ID,2001,4.92,15.034715635842785,8.71456736307171,Other states
ID,2002,5.58,3.36150252586791,9.729764424680377,Other states
ID,2003,5.22,13.190334584260574,8.899220543478261,Other states
ID,2004,4.97,15.684588815339795,8.253225674960296,Other states
ID,2005,5.12,14.755495250616537,8.223695238095239,Other states
ID,2006,4.92,9.699587295314501,7.655505357142857,Other states
ID,2007,5.07,14.430876592670677,7.670434499522528,Other states
ID,2008,5.69,14.197781840153917,8.290132557372633,Other states
ID,2009,6.51,12.546381141226453,9.518709546605015,Other states
ID,2010,6.54,14.048176715596508,9.408253201012585,Other states
ID,2011,6.44,6.703832717157628,8.98091109145146,Other states
ID,2012,6.92,12.246958514787547,9.454636793644433,Other states
ID,2013,7.57,22.3355802946958,10.193407925067717,Other states
ID,2014,7.93,16.810246978859972,10.507712261759936,Other states
ID,2015,8.09,24.277557517842332,10.707012619347982,Other states
ID,2016,8.08,21.208576395615637,10.560554983812972,Other states
ID,2017,8.26,17.70178633922326,10.570623123368145,Other states
ID,2018,8.17,18.04270497883571,10.206163627457618,Other states
ID,2019,7.89,23.178659147540184,9.68096398690433,Other states
ID,2020,7.99,23.504841504376166,9.68419081878282,Other states
ID,2021,8.17,29.31406120509919,9.458017972469277,Other states
ID,2022,8.51,26.630414149784897,9.1216394389298,Other states
ID,2023,9.08,31.869083420513082,9.34780907247081,Other states
ID,2024,9.51,31.371642586500982,9.51,Other states
IL,2001,6.9,2.569769246220424,12.221649350649352,Other states
IL,2002,6.94,4.827716147252651,12.101176542523627,Other states
IL,2003,6.86,2.064191707757827,11.695144239130437,Other states
IL,2004,6.8,1.7677387367965887,11.292139756484913,Other states
IL,2005,6.95,3.664870002725013,11.163023809523809,Other states
IL,2006,7.07,2.7433775677106533,11.000898958333334,Other states
IL,2007,8.46,3.76585506567812,12.79918656133345,Other states
IL,2008,9.23,2.1355388889538927,13.447789719604465,Other states
IL,2009,9.15,2.3184870440108805,13.378831390389538,Other states
IL,2010,9.13,2.8426519918324873,13.134151639945705,Other states
IL,2011,8.97,2.9853674130351964,12.509126163093107,Other states
IL,2012,8.4,5.663429503396451,11.47672674373024,Other states
IL,2013,8.26,3.363310548083867,11.122529651394894,Other states
IL,2014,9.36,2.7037301619394083,12.402545620437955,Other states
IL,2015,9.4,5.601324430513853,12.440781041022374,Other states
IL,2016,9.38,9.335667748920251,12.259654176753179,Other states
IL,2017,9.49,8.179139117448916,12.144698963772848,Other states
IL,2018,9.6,9.170537843108834,11.992554568371252,Other states
IL,2019,9.56,11.57130264158,11.730040014550745,Other states
IL,2020,9.75,14.138934236020805,11.817379284497184,Other states
IL,2021,10.14,11.376829994437164,11.738592685537144,Other states
IL,2022,11.94,10.684016346494422,12.798163913140046,Other states
IL,2023,11.75,16.00378166378387,12.096559097085022,Other states
IL,2024,12.21,16.289311339231496,12.21,Other states
IN,2001,5.3,1.902313959832462,9.387643704121965,Other states
IN,2002,5.34,3.011310413481165,9.311279933296275,Other states
IN,2003,5.37,2.4417315526251766,9.154945271739132,Other states
IN,2004,5.58,1.9082871121413758,9.266197035468501,Other states
IN,2005,5.88,2.7730776861916056,9.4444,Other states
IN,2006,6.46,2.055243587337271,10.051740773809525,Other states
IN,2007,6.5,3.0709472211067776,9.833890384003242,Other states
IN,2008,7.09,2.8077327969002988,10.329883977464318,Other states
IN,2009,7.62,3.282462337452177,11.1417153218326,Other states
IN,2010,7.67,5.172509806001385,11.033838234215064,Other states
IN,2011,8.01,8.240278208271716,11.170356807845682,Other states
IN,2012,8.29,12.616777561089481,11.326436274467103,Other states
IN,2013,8.73,8.18111581848167,11.755409667878624,Other states
IN,2014,9.06,8.295258444981927,12.005028132603409,Other states
IN,2015,8.99,15.634589839238929,11.898151229658634,Other states
IN,2016,9.22,19.65000383897025,12.050534276083615,Other states
IN,2017,9.77,18.170373061840667,12.503025171344648,Other states
IN,2018,9.75,23.63569831409142,12.179938233502053,Other states
IN,2019,9.91,31.2587443580157,12.159487086213169,Other states
IN,2020,9.92,35.62064489950976,12.023425897662776,Other states
IN,2021,10.36,29.30983995335157,11.993276156032032,Other states
IN,2022,11.66,32.75807365271528,12.498039466265741,Other states
IN,2023,11.49,38.70126538531929,11.828890555362289,Other states
IN,2024,11.38,41.08703710270224,11.38,Other states
KS,2001,6.24,4.360590851233235,11.052622021456806,Other states
KS,2002,6.31,3.791292470194928,11.002654752640355,Other states
KS,2003,6.35,2.6322401259589294,10.825680163043478,Other states
KS,2004,6.37,1.7776544082284846,10.578077977766014,Other states
KS,2005,6.55,2.4801900001692005,10.520547619047617,Other states
KS,2006,6.89,4.0405427181987,10.72081949404762,Other states
KS,2007,6.84,4.254819561377558,10.348278496397256,Other states
KS,2008,7.45,4.781702017449119,10.854391485487895,Other states
KS,2009,7.98,5.71774833287301,11.66809557325776,Other states
KS,2010,8.35,4.772836907085884,12.012066395788239,Other states
KS,2011,8.89,5.5888366521870365,12.397562050155821,Other states
KS,2012,9.33,6.437438135472906,12.74736434750037,Other states
KS,2013,9.72,4.085151763931334,13.088497362174138,Other states
KS,2014,10.16,2.9209145694178593,13.462592254663424,Other states
KS,2015,10.14,2.5784672890824383,13.420161676166689,Other states
KS,2016,10.49,4.258839040536793,13.710423487648278,Other states
KS,2017,10.6,4.214443534147093,13.565206429503917,Other states
KS,2018,10.72,5.812613844773758,13.391685934681233,Other states
KS,2019,10.26,5.943372652628934,12.588934157875592,Other states
KS,2020,10.38,5.13764196878539,12.580963792110849,Other states
KS,2021,10.47,4.7009993854393795,12.120617891279478,Other states
KS,2022,11.47,5.406235194344418,12.294383591601035,Other states
KS,2023,10.8,7.473753433273692,11.118539425405807,Other states
KS,2024,11.21,9.21708907638646,11.21,Other states
KY,2001,4.24,0.6607028768458356,7.510114963297573,Other states
KY,2002,4.26,1.4914338232276516,7.428099722067815,Other states
KY,2003,4.42,0.4845297835275247,7.535355326086957,Other states
KY,2004,4.63,0.6133929176962302,7.688618687136051,Other states
KY,2005,5.01,1.6908721097972441,8.047014285714285,Other states
KY,2006,5.43,1.1910254203340769,8.449063839285715,Other states
KY,2007,5.84,1.8476020634090178,8.835372283473681,Other states
KY,2008,6.26,1.000059879419607,9.120602778409962,Other states
KY,2009,6.52,0.9692440266225382,9.533331220255713,Other states
KY,2010,6.73,1.874111068704163,9.681581657922736,Other states
KY,2011,7.17,1.571418419768749,9.998933622004188,Other states
KY,2012,7.26,3.2781236186375255,9.919170971366848,Other states
KY,2013,7.69,1.5804880875190022,10.354994312255052,Other states
KY,2014,8.15,2.749941733138379,10.79922508617194,Other states
KY,2015,8.14,7.12169686678001,10.773186986587463,Other states
KY,2016,8.42,10.250373906078918,11.004934772735796,Other states
KY,2017,8.57,14.183850831047664,10.967341424608355,Other states
KY,2018,8.52,18.545894658778167,10.643392179429485,Other states
KY,2019,8.61,21.365679810558298,10.564397962895598,Other states
KY,2020,8.58,22.638548492159146,10.399293770357522,Other states
KY,2021,9.12,20.84438737993916,10.557787504151749,Other states
KY,2022,10.51,24.466059997776632,11.265385488031985,Other states
KY,2023,9.96,23.869372011488036,10.253764136763134,Other states
KY,2024,10.07,25.791065409656948,10.07,Other states
LA,2001,6.96,45.93326146449619,12.32792456239413,Other states
LA,2002,5.99,50.43736104437141,10.444675430794888,Other states
LA,2003,6.93,47.88341555212497,11.814482445652175,Other states
LA,2004,7.13,47.0290843418993,11.840140656431974,Other states
LA,2005,8.03,47.688828379639396,12.897709523809523,Other states
LA,2006,8.3,46.12020618282987,12.91477529761905,Other states
LA,2007,8.39,47.43552349060005,12.693283126428799,Other states
LA,2008,9.44,49.04580364662786,13.753752432618219,Other states
LA,2009,7.06,48.358595821538195,10.322901597393455,Other states
LA,2010,7.8,49.904367927900815,11.220852441574642,Other states
LA,2011,7.68,51.49500873294497,10.710154841979382,Other states
LA,2012,6.9,56.633841195548804,9.427311253778411,Other states
LA,2013,8.04,51.475427638114525,10.826287941551444,Other states
LA,2014,8.09,53.843313808900106,10.71972158860503,Other states
LA,2015,7.65,61.41302878889,10.12467818764055,Other states
LA,2016,7.46,61.97434810590412,9.750215368718413,Other states
LA,2017,7.79,60.37818990621629,9.969146989229765,Other states
LA,2018,7.71,60.49416477684948,9.631520387723162,Other states
LA,2019,7.71,69.40166626001067,9.46010549290651,Other states
LA,2020,7.51,70.23806452337618,9.102412146315267,Other states
LA,2021,8.82,64.79356855202394,10.210491862567812,Other states
LA,2022,10.41,68.50396705463272,11.158198185576875,Other states
LA,2023,8.91,76.10040627474892,9.172795025959791,Other states
LA,2024,8.8,75.548288703087,8.8,Other states
MA,2001,11.55,30.398856668647166,20.45797826086957,Restructured NE / ISO-NE
MA,2002,10.06,37.75826525183867,17.541474930516955,Restructured NE / ISO-NE
MA,2003,10.56,46.34477601995196,18.00302086956522,Restructured NE / ISO-NE
MA,2004,10.77,44.15054263764013,17.88475664372684,Restructured NE / ISO-NE
MA,2005,12.18,42.869150983186664,19.5634,Restructured NE / ISO-NE
MA,2006,15.45,51.11362561002154,24.040154017857144,Restructured NE / ISO-NE
MA,2007,15.16,52.94641905982829,22.935658187921405,Restructured NE / ISO-NE
MA,2008,16.23,50.61567358447304,23.64654682006289,Restructured NE / ISO-NE
MA,2009,15.45,53.86102079955498,22.590485790329875,Restructured NE / ISO-NE
MA,2010,14.26,59.763712613326014,20.51401997651979,Restructured NE / ISO-NE
MA,2011,14.11,68.16395850082542,19.67712041931368,Restructured NE / ISO-NE
MA,2012,13.79,69.34647549423286,18.840959737623805,Restructured NE / ISO-NE
MA,2013,14.51,64.64002965620152,19.538487317401927,Restructured NE / ISO-NE
MA,2014,15.35,59.442649572405124,20.339644794201135,Restructured NE / ISO-NE
MA,2015,16.9,65.47226608615124,22.36693612694448,Restructured NE / ISO-NE
MA,2016,16.48,66.1678029825797,21.53934976896507,Restructured NE / ISO-NE
MA,2017,17.12,68.78797321398213,21.90908812010444,Restructured NE / ISO-NE
MA,2018,18.5,67.66238855341145,23.110652032798768,Restructured NE / ISO-NE
MA,2019,18.4,71.60640289694435,22.57664605311022,Restructured NE / ISO-NE
MA,2020,18.19,77.8372119516805,22.046987608718336,Restructured NE / ISO-NE
MA,2021,19.06,77.0635343714932,22.064849761966265,Restructured NE / ISO-NE
MA,2022,21.27,75.03018263771499,22.798739232201743,Restructured NE / ISO-NE
MA,2023,23.21,75.01072305259312,23.894564820710077,Restructured NE / ISO-NE
MA,2024,23.94,77.4709883723988,23.94,Restructured NE / ISO-NE
MD,2001,6.6,3.58892788236354,11.690273291925466,Other states
MD,2002,6.18,4.586729144510766,10.775975653140634,Other states
MD,2003,6.45,2.2885624686221373,10.996163315217393,Other states
MD,2004,7.15,2.273271912330506,11.873352832186344,Other states
MD,2005,8.13,3.583229525878439,13.058328571428572,Other states
MD,2006,9.95,3.6158472517039484,15.482170386904762,Other states
MD,2007,11.5,4.464182622372989,17.398421448621118,Other states
MD,2008,13.01,3.90225889246781,18.955118553852014,Other states
MD,2009,13.09,4.038496367044881,19.139770808764922,Other states
MD,2010,12.71,6.643340430621834,18.284235196463296,Other states
MD,2011,11.93,5.525507442145669,16.63699834177266,Other states
MD,2012,11.28,13.078361493270094,15.411604484437747,Other states
MD,2013,11.66,8.05445966864093,15.700810621702718,Other states
MD,2014,12.1,6.62344200871753,16.033205342660178,Other states
MD,2015,12.07,12.526541607627264,15.974492251610645,Other states
MD,2016,12.21,14.591147174349977,15.95846241984609,Other states
MD,2017,11.98,19.73089143586339,15.331242738250655,Other states
MD,2018,11.57,31.613294404921948,14.453526703755772,Other states
MD,2019,11.24,37.13932618184162,13.791385958530377,Other states
MD,2020,11.15,39.11200115595302,13.514233745860881,Other states
MD,2021,11.48,36.5558282163341,13.289846551278739,Other states
MD,2022,13.32,37.560259848276885,14.277348687020554,Other states
MD,2023,14.34,42.59980305911144,14.762949570399932,Other states
MD,2024,15.04,39.26652434835512,15.04,Other states
ME,2001,10.55,51.3827803484632,18.68672473178995,Restructured NE / ISO-NE
ME,2002,10.35,59.92430985124362,18.04714369093941,Restructured NE / ISO-NE
ME,2003,9.79,49.75166347022805,16.690300597826084,Restructured NE / ISO-NE
ME,2004,9.69,51.480424118999615,16.091299152991,Restructured NE / ISO-NE
ME,2005,10.57,44.56836555423701,16.977433333333334,Restructured NE / ISO-NE
ME,2006,11.8,43.3978408761613,18.360764880952384,Restructured NE / ISO-NE
ME,2007,14.59,41.38367655353387,22.073301646554967,Restructured NE / ISO-NE
ME,2008,13.8,43.168470116763935,20.106121140903753,Restructured NE / ISO-NE
ME,2009,13.12,44.9875347472628,19.18363582971702,Restructured NE / ISO-NE
ME,2010,12.84,49.202498904144036,18.47124940382287,Restructured NE / ISO-NE
ME,2011,12.58,43.05099257084152,17.543456759388103,Restructured NE / ISO-NE
ME,2012,11.81,40.16198910494583,16.135731290887396,Restructured NE / ISO-NE
ME,2013,11.86,34.73538913770596,15.970121267014944,Restructured NE / ISO-NE
ME,2014,12.65,32.790973611770504,16.76198740369019,Restructured NE / ISO-NE
ME,2015,12.78,25.14129440056076,16.91416826641127,Restructured NE / ISO-NE
ME,2016,12.8,30.382232654738267,16.729592053565106,Restructured NE / ISO-NE
ME,2017,13.02,19.859840131814906,16.662168652088774,Restructured NE / ISO-NE
ME,2018,13.44,20.66110259115126,16.789576395719752,Restructured NE / ISO-NE
ME,2019,14.04,17.132266126447753,17.226962531829756,Restructured NE / ISO-NE
ME,2020,13.54,19.0384598080159,16.411006719188908,Restructured NE / ISO-NE
ME,2021,13.96,30.689640314810486,16.160823855039304,Restructured NE / ISO-NE
ME,2022,17.44,32.438036277256515,18.69346554817106,Restructured NE / ISO-NE
ME,2023,20.84,31.769337416074784,21.454663113468243,Restructured NE / ISO-NE
ME,2024,19.66,43.66226053344422,19.66,Restructured NE / ISO-NE
MI,2001,6.97,11.778299568485522,12.345637097684925,Other states
MI,2002,7.09,13.447740077925957,12.362729349638688,Other states
MI,2003,6.85,10.215396796287212,11.678095923913045,Other states
MI,2004,6.94,12.277861683182183,11.524624986765486,Other states
MI,2005,7.23,11.317150070937068,11.612757142857145,Other states
MI,2006,8.14,10.137069715008975,12.665815773809527,Other states
MI,2007,8.53,11.014157278568987,12.905089996238098,Other states
MI,2008,8.93,8.350337594273356,13.01070012958482,Other states
MI,2009,9.4,8.319500273733073,13.744373231657011,Other states
MI,2010,9.88,10.980826044710827,14.213079759327881,Other states
MI,2011,10.4,11.891648384433157,14.50333468184708,Other states
MI,2012,10.98,20.107942034827737,15.001721386447382,Other states
MI,2013,11.21,11.707123336324708,15.094861669750214,Other states
MI,2014,11.03,11.72363767483396,14.615392969383617,Other states
MI,2015,10.76,17.7374956916786,14.24072382993625,Other states
MI,2016,11.05,26.127975659325454,14.44234313999175,Other states
MI,2017,11.28,23.26582090963401,14.435427219321149,Other states
MI,2018,11.4,26.750404954475076,14.241158549940863,Other states
MI,2019,11.56,29.50221594432455,14.184023281193161,Other states
MI,2020,12.21,34.17016115803013,14.798994980893397,Other states
MI,2021,12.93,26.414934821695162,14.968442152267778,Other states
MI,2022,13.2,35.05090834108757,14.148723924074424,Other states
MI,2023,13.68,44.811531898890756,14.083483272180688,Other states
MI,2024,14.16,44.874589865434075,14.16,Other states
MN,2001,5.97,2.472170749735395,10.574383568605308,Other states
MN,2002,5.8,3.0163212999970725,10.113375208449138,Other states
MN,2003,6.01,3.3504135574661276,10.246037445652174,Other states
MN,2004,6.24,2.7835544742300393,10.362198835362626,Other states
MN,2005,6.61,5.106220893096899,10.61691904761905,Other states
MN,2006,6.98,4.81011147927274,10.860859226190478,Other states
MN,2007,7.44,7.05330953543771,11.256022224151401,Other states
MN,2008,7.79,5.233144934861557,11.349759687510161,Other states
MN,2009,8.14,5.422714296080521,11.902042351668944,Other states
MN,2010,8.41,8.087998211745964,12.098380645338812,Other states
MN,2011,8.65,6.3079244187825205,12.062869711343966,Other states
MN,2012,8.86,13.436226297797571,12.105214160648798,Other states
MN,2013,9.41,12.28347599649624,12.671065861940189,Other states
MN,2014,9.52,6.7890287311926505,12.61455494728305,Other states
MN,2015,9.53,12.968529461194015,12.612834395845024,Other states
MN,2016,9.99,15.010529894599506,13.056923798055891,Other states
MN,2017,10.27,11.417405054408656,13.142893399151436,Other states
MN,2018,10.37,13.907103190459432,12.954457382709363,Other states
MN,2019,10.33,21.23133127504341,12.674823572208076,Other states
MN,2020,10.57,20.907740403346704,12.811251183295921,Other states
MN,2021,11.08,21.607329740069765,12.826785695833486,Other states
MN,2022,12.04,14.815235892290811,12.905351215595156,Other states
MN,2023,12.21,24.134712547625252,12.57012651705601,Other states
MN,2024,12.35,27.115958362611885,12.35,Other states
MO,2001,6.03,4.869656401362285,10.680658780350086,Other states
MO,2002,6.09,4.366488448230542,10.619043968871596,Other states
MO,2003,6.02,3.0087100973599488,10.263085760869565,Other states
MO,2004,6.07,3.269149683606307,10.079895341450504,Other states
MO,2005,6.13,4.25632647470946,9.84594761904762,Other states
MO,2006,6.3,4.067592705709726,9.80278125,Other states
MO,2007,6.56,5.46265572745698,9.924664756778656,Other states
MO,2008,6.84,5.708234410880645,9.965642652447945,Other states
MO,2009,7.35,3.866514796251165,10.746930133263724,Other states
MO,2010,7.78,5.0803977325444425,11.192081025057783,Other states
MO,2011,8.32,4.793847519717199,11.602667745477666,Other states
MO,2012,8.53,6.717727371459999,11.654342752859396,Other states
MO,2013,9.04,4.80169300124603,12.172841168112571,Other states
MO,2014,9.11,4.604449815760255,12.071281047242499,Other states
MO,2015,9.44,5.495467859919337,12.49372053481396,Other states
MO,2016,9.74,7.672626781779407,12.730173953259698,Other states
MO,2017,10.03,6.152329653299097,12.835756649804178,Other states
MO,2018,9.93,8.284885347012477,12.404798631659014,Other states
MO,2019,9.68,9.804453829366796,11.877279010549291,Other states
MO,2020,9.64,10.41884798644866,11.684055005390038,Other states
MO,2021,9.85,7.874782902990731,11.402873565339336,Other states
MO,2022,10.26,10.271512223675622,10.997417231894211,Other states
MO,2023,10.87,13.882146883770416,11.190604032792695,Other states
MO,2024,11.06,13.606683203811967,11.06,Other states
MS,2001,6.26,33.21184351021093,11.088047092038398,Other states
MS,2002,6.24,39.5706857070324,10.880596775986659,Other states
MS,2003,6.46,23.605577803361825,11.013211630434784,Other states
MS,2004,7.0,26.60987559310754,11.624261514028587,Other states
MS,2005,7.54,34.082392009151256,12.11067619047619,Other states
MS,2006,8.33,33.97413091440502,12.961455208333335,Other states
MS,2007,8.03,42.633096610829185,12.148636889776311,Other states
MS,2008,8.99,42.74893279760981,13.098118047588748,Other states
MS,2009,8.85,47.77533883772412,12.940181180868567,Other states
MS,2010,8.59,54.35935299370899,12.357323393990534,Other states
MS,2011,8.78,58.10560580437743,12.244161394867055,Other states
MS,2012,8.6,70.62451388261037,11.749982142390483,Other states
MS,2013,9.11,60.17180405723589,12.26709989397185,Other states
MS,2014,9.6,59.14686920180734,12.720559610705598,Other states
MS,2015,9.53,69.67021487923073,12.612834395845024,Other states
MS,2016,8.67,79.66556509372144,11.33168461753199,Other states
MS,2017,9.09,77.28159913642656,11.632804381527416,Other states
MS,2018,9.24,77.95631206471096,11.542833772057332,Other states
MS,2019,9.28,73.95606739726459,11.386482357220807,Other states
MS,2020,9.13,80.59500854933766,11.065915165893262,Other states
MS,2021,9.5,71.79343529764861,10.99769531682474,Other states
MS,2022,10.36,76.30307589533624,11.10460453434932,Other states
MS,2023,10.95,75.64098443731709,11.272963584091999,Other states
MS,2024,10.93,77.61583787011787,10.93,Other states
MT,2001,6.48,0.08290111393858285,11.477722868435913,Other states
MT,2002,5.7,0.0654714341710403,9.93900667037243,Other states
MT,2003,6.14,0.0969517897442,10.46766554347826,Other states
MT,2004,6.4,0.1043459706694985,10.627896241397567,Other states
MT,2005,6.72,0.09641796072827523,10.7936,Other states
MT,2006,6.91,0.2392759886722399,10.75193943452381,Other states
MT,2007,7.13,0.36629288367523927,10.787021298145094,Other states
MT,2008,7.72,0.221542991821376,11.247772116505576,Other states
MT,2009,7.58,0.2911045986118606,11.0832286272298,Other states
MT,2010,7.84,0.19170774062297163,11.278395274608359,Other states
MT,2011,8.23,1.3880282427481523,11.477158118423219,Other states
MT,2012,8.25,1.6687705014195042,11.271785194735056,Other states
MT,2013,8.58,2.2184562825705365,11.553426683894454,Other states
MT,2014,8.59,1.7035512645807918,11.382250734995946,Other states
MT,2015,8.9,2.0449041018857126,11.779037368627568,Other states
MT,2016,8.84,1.7134648373862083,11.553874511993401,Other states
MT,2017,8.92,1.4759285532100872,11.415249184073106,Other states
MT,2018,8.84,1.6884870575377564,11.043143998375195,Other states
MT,2019,9.02,1.8246989189043927,11.067464532557294,Other states
MT,2020,9.13,1.245203566606675,11.065915165893262,Other states
MT,2021,9.5,2.117631195190077,10.99769531682474,Other states
MT,2022,9.97,2.6902617102161264,10.686574054774397,Other states
MT,2023,10.97,3.724379138152566,11.293553471916825,Other states
MT,2024,10.83,3.703469404455041,10.83,Other states
NC,2001,6.58,1.3058801651292367,11.654848221343874,Other states
NC,2002,6.74,2.8608719845569985,11.752439466370205,Other states
NC,2003,6.86,1.2387029898711905,11.695144239130437,Other states
NC,2004,6.97,2.0253739182385697,11.574443250397035,Other states
NC,2005,7.19,2.434999326158318,11.548509523809525,Other states
NC,2006,7.53,2.5520652577254777,11.716657589285715,Other states
NC,2007,7.83,3.4251490529926225,11.846055647191596,Other states
NC,2008,7.96,3.3354944535156736,11.597443788521295,Other states
NC,2009,8.48,4.097619639542302,12.399179255792708,Other states
NC,2010,8.67,6.564607231187207,12.472409060057966,Other states
NC,2011,8.64,9.422438288768872,12.048924197226805,Other states
NC,2012,9.15,16.542437741534638,12.501434488706153,Other states
NC,2013,9.24,22.219574940171956,12.442151813424797,Other states
NC,2014,9.33,22.42609907254977,12.362793871654501,Other states
NC,2015,9.37,28.464084910445013,12.401076420678686,Other states
NC,2016,9.2,30.01327038680942,12.024394288499918,Other states
NC,2017,9.04,30.038421128255504,11.568817558746735,Other states
NC,2018,9.25,32.361945460399006,11.555326016399384,Other states
NC,2019,9.45,31.368189276673043,11.595070934885412,Other states
NC,2020,9.43,33.29058765283621,11.42952683618548,Other states
NC,2021,9.29,36.517399595657025,10.754588367715982,Other states
NC,2022,9.6,43.29856759592462,10.28998103569049,Other states
NC,2023,10.61,40.921886551573046,10.922935491069964,Other states
NC,2024,11.65,41.124019670938466,11.65,Other states
ND,2001,5.48,0.00836078722218515,9.706469339356298,Other states
ND,2002,5.45,0.025688110436004087,9.503085325180656,Other states
ND,2003,5.47,0.03015759241653082,9.325428423913044,Other states
ND,2004,5.69,0.030211010075926373,9.448864002117523,Other states
ND,2005,5.92,0.025090334756486435,9.508647619047618,Other states
ND,2006,6.21,0.022878043641981188,9.662741517857144,Other states
ND,2007,6.42,0.053080784861567684,9.712857886969356,Other states
ND,2008,6.69,-0.00015579855173943126,9.747097857438124,Other states
ND,2009,6.63,0.04856057206143547,9.694169630413404,Other states
ND,2010,7.11,0.04707315945616094,10.228238571743038,Other states
ND,2011,7.5,0.05673428357340163,10.45913558787049,Other states
ND,2012,7.83,0.060060635304055,10.697948857548543,Other states
ND,2013,8.2,0.15474606372406705,11.041736457801226,Other states
ND,2014,8.41,0.6426189882495192,11.143740242295216,Other states
ND,2015,8.75,1.9136405655068873,11.580514266909127,Other states
ND,2016,8.94,2.829390878997324,11.684574449911878,Other states
ND,2017,8.78,1.6287912171894934,11.236086080287206,Other states
ND,2018,8.91,2.39179941880527,11.13058970876957,Other states
ND,2019,8.85,3.573950519844255,10.858875954892687,Other states
ND,2020,8.53,3.529059267803264,10.338691825308818,Other states
ND,2021,8.65,3.6663741892209627,10.01369099900358,Other states
ND,2022,8.42,3.2732606027672015,9.025170866720202,Other states
ND,2023,8.03,6.735199312878066,8.266839961667465,Other states
ND,2024,7.93,5.7385131832905625,7.93,Other states
NE,2001,5.39,1.1439349675508244,9.54705652173913,Other states
NE,2002,5.55,1.3066340224806405,9.677453863257366,Other states
NE,2003,5.64,1.2512417920891998,9.615249782608696,Other states
NE,2004,5.7,0.9290908921068951,9.465470089994707,Other states
NE,2005,5.87,2.5520094973629845,9.428338095238095,Other states
NE,2006,6.07,2.3959638230147937,9.444901934523811,Other states
NE,2007,6.28,3.421478589065601,9.501051017160055,Other states
NE,2008,6.58,2.342923948775175,9.586831674430918,Other states
NE,2009,7.21,0.9163637129369153,10.54222670215394,Other states
NE,2010,7.52,1.023846406140365,10.818052610338627,Other states
NE,2011,7.88,1.179925718902572,10.989065124322595,Other states
NE,2012,8.37,2.250616442703882,11.4357384339312,Other states
NE,2013,8.74,1.1767946917743732,11.768875200144233,Other states
NE,2014,8.84,1.028908741537273,11.713515308191404,Other states
NE,2015,8.91,1.0799758726633852,11.792272242075464,Other states
NE,2016,9.05,1.4727225989503208,11.828344381622204,Other states
NE,2017,9.08,1.7774855817985276,11.62000701697128,Other states
NE,2018,9.02,2.6099236124141023,11.268004396532156,Other states
NE,2019,9.08,3.42342533161973,11.141084030556566,Other states
NE,2020,8.97,3.2801961079692377,10.871988941737408,Other states
NE,2021,8.84,3.095059895442202,10.233644905340073,Other states
NE,2022,8.83,3.0968243507351856,9.46463880678615,Other states
NE,2023,9.14,3.5766557052554564,9.409578735945285,Other states
NE,2024,9.07,3.710741237665849,9.07,Other states
NH,2001,10.95,0.7862617336259928,19.395226143421795,Restructured NE / ISO-NE
NH,2002,10.6,1.3813572528135323,18.483065036131183,Restructured NE / ISO-NE
NH,2003,10.83,19.287143412309806,18.46332538043478,Restructured NE / ISO-NE
NH,2004,11.37,22.61607125243662,18.881121916357863,Restructured NE / ISO-NE
NH,2005,12.53,27.72673230700777,20.125566666666664,Restructured NE / ISO-NE
NH,2006,13.84,27.223935066179983,21.53499880952381,Restructured NE / ISO-NE
NH,2007,13.98,24.71956321496285,21.150428856671585,Restructured NE / ISO-NE
NH,2008,14.63,30.91906051285064,21.31540233995811,Restructured NE / ISO-NE
NH,2009,15.09,26.494369554002894,22.064105538904712,Restructured NE / ISO-NE
NH,2010,14.84,24.17037876163863,21.348391055508674,Restructured NE / ISO-NE
NH,2011,14.74,33.17845617108114,20.555687808694806,Restructured NE / ISO-NE
NH,2012,14.19,36.674576048810756,19.387470534944292,Restructured NE / ISO-NE
NH,2013,14.3,20.730428347080938,19.255711139824093,Restructured NE / ISO-NE
NH,2014,15.22,22.459833573842683,20.1673872161395,Restructured NE / ISO-NE
NH,2015,16.02,30.23444919494723,21.20226726352962,Restructured NE / ISO-NE
NH,2016,15.66,24.604889004756803,20.467610278033558,Restructured NE / ISO-NE
NH,2017,16.17,20.52006434861188,20.693338487271543,Restructured NE / ISO-NE
NH,2018,17.01,17.50753021743349,21.249307625832813,Restructured NE / ISO-NE
NH,2019,17.15,19.873503565149157,21.04290651145871,Restructured NE / ISO-NE
NH,2020,16.63,22.250051343750663,20.156206923198784,Restructured NE / ISO-NE
NH,2021,17.37,25.975746068777905,20.10841764771008,Restructured NE / ISO-NE
NH,2022,21.07,23.991839224428947,22.584364627291524,Restructured NE / ISO-NE
NH,2023,22.96,25.114699858228818,23.637191222899755,Restructured NE / ISO-NE
NH,2024,20.6,26.094073954584807,20.6,Restructured NE / ISO-NE
NJ,2001,9.36,28.11822065031943,16.578933032185205,Restructured NE / ISO-NE
NJ,2002,9.3,30.972142048450152,16.216274041133964,Restructured NE / ISO-NE
NJ,2003,9.48,25.741714396735947,16.16180282608696,Restructured NE / ISO-NE
NJ,2004,10.29,28.563933487254346,17.08766442562202,Restructured NE / ISO-NE
NJ,2005,10.89,25.377821346845607,17.49141428571429,Restructured NE / ISO-NE
NJ,2006,11.88,25.81274813884693,18.485244642857147,Restructured NE / ISO-NE
NJ,2007,13.01,29.92174800420831,19.682909830135717,Restructured NE / ISO-NE
NJ,2008,14.43,32.59022185373869,21.024009279945012,Restructured NE / ISO-NE
NJ,2009,14.53,33.36770194818454,21.24529181446557,Restructured NE / ISO-NE
NJ,2010,14.68,37.913039660156635,21.118219723373812,Restructured NE / ISO-NE
NJ,2011,14.3,38.95421146573601,19.94208518753974,Restructured NE / ISO-NE
NJ,2012,13.68,43.33960616950926,18.690669268360672,Restructured NE / ISO-NE
NJ,2013,13.69,41.81642699695031,18.4343136716218,Restructured NE / ISO-NE
NJ,2014,13.95,46.157001814783676,18.48456318430657,Restructured NE / ISO-NE
NJ,2015,13.74,49.55772813041239,18.1847161174093,Restructured NE / ISO-NE
NJ,2016,13.38,56.44460904797713,17.487651693492275,Restructured NE / ISO-NE
NJ,2017,13.32,49.84875505775284,17.046089588772848,Restructured NE / ISO-NE
NJ,2018,13.23,51.79478526953258,16.527239264536632,Restructured NE / ISO-NE
NJ,2019,13.42,56.95554952835429,16.466227719170607,Restructured NE / ISO-NE
NJ,2020,13.63,50.127241870245534,16.520090220276575,Restructured NE / ISO-NE
NJ,2021,14.01,48.08886776840993,16.21870646196996,Restructured NE / ISO-NE
NJ,2022,14.8,51.32799962176823,15.863720763356172,Restructured NE / ISO-NE
NJ,2023,15.27,51.46555179183008,15.720379354254321,Restructured NE / ISO-NE
NJ,2024,16.29,49.27084218768033,16.29,Restructured NE / ISO-NE
NM,2001,7.16,14.540413867896905,12.682175268210052,Other states
NM,2002,6.73,11.224877336411831,11.735002612562536,Other states
NM,2003,7.0,10.748846219747014,11.933820652173916,Other states
NM,2004,7.1,9.08512811987701,11.790322392800425,Other states
NM,2005,7.51,11.917286156319557,12.062490476190476,Other states
NM,2006,7.37,15.80437467505241,11.467698065476192,Other states
NM,2007,7.44,18.507551396009035,11.256022224151401,Other states
NM,2008,8.35,21.524026166340587,12.165660255546834,Other states
NM,2009,8.09,21.83041537251572,11.82893398341545,Other states
NM,2010,8.4,23.48060945931624,12.083994937080384,Other states
NM,2011,8.74,22.43511822079128,12.188379338398411,Other states
NM,2012,8.83,24.01753154261847,12.064225850849763,Other states
NM,2013,9.25,25.020913306799404,12.455617345690408,Other states
NM,2014,9.65,27.783067094530743,12.78681252534469,Other states
NM,2015,9.62,28.63676959621115,12.73194825687609,Other states
NM,2016,9.12,30.255041885121393,11.919834338165137,Other states
NM,2017,9.59,27.1796373131467,12.272672609334204,Other states
NM,2018,9.35,35.58881732398571,11.680248459819918,Other states
NM,2019,8.99,33.55609502449359,11.030654783557658,Other states
NM,2020,9.33,35.22143010080179,11.308322946088072,Other states
NM,2021,9.79,28.68005602919838,11.333414437022547,Other states
NM,2022,10.02,26.848691174817624,10.740167706001948,Other states
NM,2023,9.47,36.23911621239442,9.749311885054908,Other states
NM,2024,9.18,29.341554111975494,9.18,Other states
NV,2001,7.86,33.988028562786965,13.922052738565784,Other states
NV,2002,8.42,38.05255612253881,14.681830906058924,Other states
NV,2003,8.29,39.92415639420142,14.13305331521739,Other states
NV,2004,8.56,43.487811155710496,14.214811222869244,Other states
NV,2005,9.02,46.83876053147192,14.487838095238095,Other states
NV,2006,9.63,66.49127549252792,14.984251339285716,Other states
NV,2007,9.99,68.1464643607772,15.113933067106519,Other states
NV,2008,9.89,68.31555646065739,14.409386817647688,Other states
NV,2009,10.36,68.63156005841434,15.14805390212411,Other states
NV,2010,9.73,67.39892121628459,13.997294135451444,Other states
NV,2011,8.97,68.39132227716827,12.509126163093107,Other states
NV,2012,8.95,72.91520835016074,12.228179090045908,Other states
NV,2013,9.03,67.95828966654035,12.159375635846958,Other states
NV,2014,9.73,63.78059027286176,12.892817188767236,Other states
NV,2015,9.48,74.26863631073944,12.546660028605544,Other states
NV,2016,8.38,72.6911010265789,10.952654797568405,Other states
NV,2017,8.76,69.69895836512762,11.210491351174936,Other states
NV,2018,8.67,67.3270679661105,10.830775844560288,Other states
NV,2019,8.78,64.61565729063622,10.772986540560204,Other states
NV,2020,8.33,66.29929514706896,10.096284045114004,Other states
NV,2021,8.58,62.57975890742918,9.93265534930066,Other states
NV,2022,10.94,58.3314155167476,11.726290888588954,Other states
NV,2023,13.09,58.34149326297378,13.476081581348334,Other states
NV,2024,11.47,54.90958429115067,11.47,Other states
NY,2001,11.55,26.889020311002724,20.45797826086957,Restructured NE / ISO-NE
NY,2002,11.16,27.545473911025418,19.459528849360755,Restructured NE / ISO-NE
NY,2003,12.44,20.456022724706806,21.208104130434783,Restructured NE / ISO-NE
NY,2004,12.55,19.78334052381508,20.84064028586554,Restructured NE / ISO-NE
NY,2005,13.95,21.698727649370706,22.406357142857143,Restructured NE / ISO-NE
NY,2006,15.27,29.616384955693242,23.760074553571428,Restructured NE / ISO-NE
NY,2007,15.22,31.281904120784965,23.02643256069682,Restructured NE / ISO-NE
NY,2008,16.47,31.25413601991418,23.996218492078608,Restructured NE / ISO-NE
NY,2009,15.44,31.377712671859037,22.575864116679174,Restructured NE / ISO-NE
NY,2010,16.41,35.71477385925845,23.606947252082037,Restructured NE / ISO-NE
NY,2011,15.89,36.954194528238354,22.15942193216828,Restructured NE / ISO-NE
NY,2012,15.15,43.79688080815128,20.699096448513465,Restructured NE / ISO-NE
NY,2013,15.44,39.93215726665075,20.79078181810377,Restructured NE / ISO-NE
NY,2014,16.25,39.670867634171294,21.532197257704787,Restructured NE / ISO-NE
NY,2015,15.28,41.07571255844008,20.222886628385304,Restructured NE / ISO-NE
NY,2016,14.47,42.264268776030136,18.91228101680368,Restructured NE / ISO-NE
NY,2017,14.74,36.92373635959981,18.863315355744128,Restructured NE / ISO-NE
NY,2018,14.83,38.341558941133194,18.525998359265174,Restructured NE / ISO-NE
NY,2019,14.34,36.17852894238836,17.595060021826118,Restructured NE / ISO-NE
NY,2020,14.87,40.922106235874296,18.023018457484422,Restructured NE / ISO-NE
NY,2021,16.11,45.15644135865854,18.649775953057535,Restructured NE / ISO-NE
NY,2022,18.33,48.178165620064014,19.647432540021526,Restructured NE / ISO-NE
NY,2023,18.28,47.10410001007095,18.81915747189057,Restructured NE / ISO-NE
NY,2024,19.66,48.32404663213588,19.66,Restructured NE / ISO-NE
OH,2001,6.62,0.6497991411004642,11.725698362507059,Gas-heavy contrast
OH,2002,6.77,1.2012428192645825,11.804750027793219,Gas-heavy contrast
OH,2003,6.73,1.223136181880336,11.47351614130435,Gas-heavy contrast
OH,2004,6.89,0.9376699680385516,11.441594547379566,Gas-heavy contrast
OH,2005,7.08,1.7172194815647455,11.371828571428573,Gas-heavy contrast
OH,2006,7.71,1.5305923105985608,11.99673705357143,Gas-heavy contrast
OH,2007,7.91,2.5618787907322296,11.967088144225482,Gas-heavy contrast
OH,2008,8.39,1.619421515430342,12.223938867549455,Gas-heavy contrast
OH,2009,9.02,3.417185914712096,13.18874963293045,Gas-heavy contrast
OH,2010,9.14,4.963747595489215,13.148537348204131,Gas-heavy contrast
OH,2011,9.03,9.09946078664145,12.59279924779607,Gas-heavy contrast
OH,2012,9.12,17.46907957996707,12.460446178907114,Gas-heavy contrast
OH,2013,9.2,15.80241072084981,12.38828968436235,Gas-heavy contrast
OH,2014,9.73,17.59267814101059,12.892817188767236,Gas-heavy contrast
OH,2015,9.98,23.740474981925068,13.208403701000352,Gas-heavy contrast
OH,2016,9.84,24.945672168440325,12.860873891178173,Gas-heavy contrast
OH,2017,9.84,24.880766078858993,12.592606723237598,Gas-heavy contrast
OH,2018,9.94,35.929462566065965,12.417290876001067,Gas-heavy contrast
OH,2019,9.58,43.50012134500267,11.75457984721717,Gas-heavy contrast
OH,2020,9.44,44.008358145871625,11.441647225195222,Gas-heavy contrast
OH,2021,9.76,44.765302103200824,11.298684872864154,Gas-heavy contrast
OH,2022,10.64,50.70667569130298,11.404728981223627,Gas-heavy contrast
OH,2023,11.04,59.077263596749,11.365618079303713,Gas-heavy contrast
OH,2024,11.29,59.64177134847512,11.29,Gas-heavy contrast
OK,2001,6.1,32.47780385144105,10.804646527385659,Other states
OK,2002,5.59,35.56577054123892,9.747201278488049,Other states
OK,2003,6.35,35.99509761812488,10.825680163043478,Other states
OK,2004,6.5,38.34307213818114,10.793957120169402,Other states
OK,2005,6.85,41.671950927698084,11.002404761904762,Other states
OK,2006,7.3,46.70501458049635,11.358778273809525,Other states
OK,2007,7.29,45.51541185728826,11.029086292212867,Other states
OK,2008,7.81,44.24819886064661,11.37889899351147,Other states
OK,2009,6.94,46.13396980814783,10.14744151358507,Other states
OK,2010,7.59,46.97762997089593,10.918752568147632,Other states
OK,2011,7.8,44.013653339814226,10.877501011385311,Other states
OK,2012,7.54,50.09757295146227,10.30172852949119,Other states
OK,2013,7.86,40.796112918385646,10.583908360770444,Other states
OK,2014,8.18,37.9748879004561,10.838976834955394,Other states
OK,2015,7.9,45.033241744111386,10.455550023837954,Other states
OK,2016,7.83,46.442162289808195,10.233805139016779,Other states
OK,2017,8.2,41.299180674829294,10.493838936031331,Other states
OK,2018,8.09,48.82997522797351,10.106225672721193,Other states
OK,2019,7.86,52.50566381169578,9.644154237904694,Other states
OK,2020,7.63,53.77234877058964,9.247856814432154,Other states
OK,2021,8.52,41.92608702123741,9.863196220983871,Other states
OK,2022,10.05,42.56271542378216,10.772323896738483,Other states
OK,2023,9.3,50.666658508525764,9.57429783854389,Other states
OK,2024,9.09,50.75246830403317,9.09,Other states
OR,2001,5.44,24.37846913735459,9.635619198193112,Other states
OR,2002,6.32,16.58810758165359,11.020091606448029,Other states
OR,2003,6.18,20.919958586075165,10.535858804347827,Other states
OR,2004,6.21,26.3231735886367,10.312380571731074,Other states
OR,2005,6.34,26.743021181367187,10.183247619047618,Other states
OR,2006,6.53,21.069545494298488,10.160660565476192,Other states
OR,2007,7.02,26.97578628512246,10.6206016147235,Other states
OR,2008,7.24,29.611077188395235,10.548428772474143,Other states
OR,2009,7.47,28.458647722659187,10.922390217072115,Other states
OR,2010,7.56,28.391126460557015,10.875595443372344,Other states
OR,2011,8.04,14.235205923036295,11.212193350197163,Other states
OR,2012,8.21,19.07790443658113,11.217134115003006,Other states
OR,2013,8.44,23.980160036244026,11.364909232175895,Other states
OR,2014,8.68,21.12271730560062,11.50150598134631,Other states
OR,2015,8.75,28.059554628594924,11.580514266909127,Other states
OR,2016,8.83,25.433946518206362,11.540804518201554,Other states
OR,2017,8.81,24.02404531816605,11.274478173955615,Other states
OR,2018,8.85,27.954736876255193,11.055636242717247,Other states
OR,2019,8.81,33.621714333772076,10.809796289559841,Other states
OR,2020,8.82,29.893875314181823,10.690183106591297,Other states
OR,2021,8.95,34.902848349786,10.360986640587518,Other states
OR,2022,9.26,31.075506914685008,9.925544207343119,Other states
OR,2023,10.32,37.90583812592872,10.624382117609994,Other states
OR,2024,11.11,38.548311988220334,11.11,Other states
PA,2001,8.01,1.5445872698036565,14.187740767927725,Gas-heavy contrast
PA,2002,8.06,3.2867278817401937,14.054104168982768,Gas-heavy contrast
PA,2003,8.02,2.6743634718440066,13.672748804347828,Gas-heavy contrast
PA,2004,8.0,4.571748593362254,13.284870301746956,Gas-heavy contrast
PA,2005,8.27,4.955612017682975,13.283195238095239,Gas-heavy contrast
PA,2006,8.68,6.188761614758121,13.506054166666669,Gas-heavy contrast
PA,2007,9.08,8.491194194269374,13.737188413346066,Gas-heavy contrast
PA,2008,9.33,8.423894346290666,13.593486249611013,Gas-heavy contrast
PA,2009,9.6,13.310008307025203,14.036806704670989,Gas-heavy contrast
PA,2010,10.31,14.675634202339626,14.831665214440328,Gas-heavy contrast
PA,2011,10.45,18.38515539869584,14.573062252432882,Gas-heavy contrast
PA,2012,9.91,23.75000746912599,13.539805003615077,Gas-heavy contrast
PA,2013,9.81,22.01978237620568,13.209687152564637,Gas-heavy contrast
PA,2014,10.28,23.987684696458846,13.621599249797244,Gas-heavy contrast
PA,2015,10.31,27.71193969056423,13.645154524780924,Gas-heavy contrast
PA,2016,10.19,31.644391067724392,13.318323673892845,Gas-heavy contrast
PA,2017,10.13,33.94494534032834,12.963730295365536,Gas-heavy contrast
PA,2018,10.1,35.466984527255114,12.617166785473923,Gas-heavy contrast
PA,2019,9.81,42.81325019679113,12.036787922881048,Gas-heavy contrast
PA,2020,9.7,52.47464124294501,11.75677733944848,Gas-heavy contrast
PA,2021,9.97,52.485859757498474,11.541791821972913,Gas-heavy contrast
PA,2022,11.86,54.40229635294291,12.71241407117596,Gas-heavy contrast
PA,2023,12.57,59.025573710444924,12.94074449790287,Gas-heavy contrast
PA,2024,12.51,59.59144251606742,12.51,Gas-heavy contrast
RI,2001,11.45,97.64376773219342,20.280852907961606,Restructured NE / ISO-NE
RI,2002,9.2,89.42365233928011,16.041905503057254,Restructured NE / ISO-NE
RI,2003,10.47,97.04423209150448,17.8495860326087,Restructured NE / ISO-NE
RI,2004,10.96,96.85159391183579,18.200272313393334,Restructured NE / ISO-NE
RI,2005,11.97,98.94431032095913,19.2261,Restructured NE / ISO-NE
RI,2006,13.98,96.85813270551174,21.752838392857143,Restructured NE / ISO-NE
RI,2007,13.12,97.26132947055282,19.84932951355731,Restructured NE / ISO-NE
RI,2008,16.04,97.43182389804292,23.369723413050448,Restructured NE / ISO-NE
RI,2009,14.22,97.83721181619848,20.792019931293904,Restructured NE / ISO-NE
RI,2010,14.07,97.99142467894234,20.240691519609644,Restructured NE / ISO-NE
RI,2011,13.04,98.2645770453481,18.184950408777492,Restructured NE / ISO-NE
RI,2012,12.74,98.50722755323241,17.40636889465753,Restructured NE / ISO-NE
RI,2013,13.72,98.27565819100612,18.47471026841864,Restructured NE / ISO-NE
RI,2014,15.41,94.9250272376415,20.41914829176805,Restructured NE / ISO-NE
RI,2015,17.01,94.91173031807521,22.51251973487134,Restructured NE / ISO-NE
RI,2016,16.28,95.82045991666267,21.27794989312812,Restructured NE / ISO-NE
RI,2017,16.42,94.39589879947854,21.013272601174936,Restructured NE / ISO-NE
RI,2018,18.1,94.28892749201606,22.610962259116633,Restructured NE / ISO-NE
RI,2019,18.49,93.66013312780031,22.68707530010913,Restructured NE / ISO-NE
RI,2020,18.54,93.00079595815149,22.471201224059257,Restructured NE / ISO-NE
RI,2021,18.44,92.6902436538967,21.34710543602613,Restructured NE / ISO-NE
RI,2022,19.3,89.05703506370585,20.687149373836093,Restructured NE / ISO-NE
RI,2023,21.62,91.59069401621366,22.257668738636443,Restructured NE / ISO-NE
RI,2024,24.15,89.9170166963843,24.15,Restructured NE / ISO-NE
SC,2001,5.77,1.3191199671212057,10.220132862789384,Other states
SC,2002,5.83,4.6584051874342824,10.165685769872152,Other states
SC,2003,6.08,1.7732052162699803,10.365375652173913,Other states
SC,2004,6.22,3.877742243411265,10.328986659608258,Other states
SC,2005,6.72,5.28137413315451,10.7936,Other states
SC,2006,6.98,6.112831007529284,10.860859226190478,Other states
SC,2007,7.18,5.768311840193794,10.862666608791272,Other states
SC,2008,7.85,5.673500877740652,11.43717760551409,Other states
SC,2009,8.42,9.76793560832254,12.311449213888515,Other states
SC,2010,8.49,10.491510610631368,12.213466311406243,Other states
SC,2011,8.8,12.562901892737186,12.272052423101377,Other states
SC,2012,9.1,14.81244171272546,12.43312063904109,Other states
SC,2013,9.24,12.424238691254892,12.442151813424797,Other states
SC,2014,9.67,11.740243117262093,12.813313691200326,Other states
SC,2015,9.58,17.14381705928569,12.679008763084505,Other states
SC,2016,9.79,16.875522061155284,12.795523922218933,Other states
SC,2017,9.97,18.43163507407247,12.758972462467366,Other states
SC,2018,9.67,21.792376336207102,12.080000278765628,Other states
SC,2019,10.02,23.8999515960362,12.2944561658785,Other states
SC,2020,9.9,24.589694320534534,11.999185119643295,Other states
SC,2021,9.96,23.622516337740574,11.53021530058678,Other states
SC,2022,10.74,24.45954518603027,11.511916283678737,Other states
SC,2023,10.5,23.490975072557553,10.809691108033423,Other states
SC,2024,10.9,22.69856055529491,10.9,Other states
SD,2001,6.35,4.118545935185156,11.247459909655563,Other states
SD,2002,6.26,1.110832252648875,10.915470483602002,Other states
SD,2003,6.35,2.2158561410562676,10.825680163043478,Other states
SD,2004,6.44,1.494697754285031,10.694320592906301,Other states
SD,2005,6.6,4.155123421792736,10.600857142857143,Other states
SD,2006,6.7,3.726976212111674,10.42518005952381,Other states
SD,2007,6.89,5.720459439706483,10.423923807043435,Other states
SD,2008,7.14,3.2271577732245684,10.402732242467593,Other states
SD,2009,7.39,0.980097555905053,10.805416827866521,Other states
SD,2010,7.82,1.3404067570208513,11.2496238580915,Other states
SD,2011,8.05,1.0777103423480456,11.226138864314327,Other states
SD,2012,8.49,1.8660646014427986,11.599691673127348,Other states
SD,2013,8.86,4.967916001431018,11.930461587331568,Other states
SD,2014,9.05,4.227438418806684,11.99177754967559,Other states
SD,2015,9.47,8.02190753421067,12.53342515515765,Other states
SD,2016,9.83,7.970724868676168,12.847803897386326,Other states
SD,2017,10.05,5.983584618441641,12.861351378916451,Other states
SD,2018,9.97,9.255567120753026,12.454767609027229,Other states
SD,2019,9.96,8.062683265126669,12.22083666787923,Other states
SD,2020,10.06,7.793185315503671,12.193111343799146,Other states
SD,2021,10.43,7.5731614465401424,12.074311805734952,Other states
SD,2022,10.44,7.9569901603656925,11.190354376313408,Other states
SD,2023,10.49,12.134439249747565,10.799396164121012,Other states
SD,2024,10.87,10.831356122467264,10.87,Other states
TN,2001,5.59,0.4733877009551332,9.901307227555055,Other states
TN,2002,5.72,0.488557046819961,9.97388037798777,Other states
TN,2003,5.84,0.6798686006867943,9.956216086956521,Other states
TN,2004,6.14,0.2996950382737592,10.196137956590787,Other states
TN,2005,6.31,0.5469321514893891,10.135061904761905,Other states
TN,2006,6.97,0.7073434193115954,10.845299255952382,Other states
TN,2007,7.07,0.7589234868030017,10.696246925369678,Other states
TN,2008,8.18,0.5153462736944796,11.917976154535701,Other states
TN,2009,8.69,0.5134683567493458,12.706234402457385,Other states
TN,2010,8.61,2.7958985350392918,12.386094810507393,Other states
TN,2011,9.28,4.018746728927357,12.941437100725086,Other states
TN,2012,9.27,10.389496901508132,12.665387727902297,Other states
TN,2013,9.13,6.298300393514045,12.294030958503074,Other states
TN,2014,9.4,7.7975862367443245,12.455547952149232,Other states
TN,2015,9.3,12.396164491176958,12.308432306543414,Other states
TN,2016,9.23,14.265723087941584,12.063604269875462,Other states
TN,2017,9.45,12.990324825391403,12.093509505548303,Other states
TN,2018,9.58,16.42905601878057,11.967570079687146,Other states
TN,2019,9.69,20.594860193621034,11.889548926882501,Other states
TN,2020,9.52,19.447556109580205,11.538610337273147,Other states
TN,2021,9.78,17.690993872551207,11.321837915636417,Other states
TN,2022,10.89,21.17074487821621,11.672697237361401,Other states
TN,2023,10.69,19.320917053809836,11.005295042369266,Other states
TN,2024,10.9,21.641203723944376,10.9,Other states
TX,2001,7.38,51.02554618591687,13.071851044607568,Gas-heavy contrast
TX,2002,6.62,50.938503924328295,11.543197220678154,Gas-heavy contrast
TX,2003,7.5,48.7635821743892,12.78623641304348,Gas-heavy contrast
TX,2004,7.95,48.361537990814696,13.20183986236104,Gas-heavy contrast
TX,2005,9.14,49.83131944544899,14.680580952380954,Gas-heavy contrast
TX,2006,10.34,49.39557925888185,16.089009226190477,Gas-heavy contrast
TX,2007,10.11,49.207169400821364,15.295481812657348,Gas-heavy contrast
TX,2008,10.99,47.74034372346828,16.012048647719727,Gas-heavy contrast
TX,2009,9.86,47.60366541194126,14.416970219589162,Gas-heavy contrast
TX,2010,9.34,45.39336574868574,13.436251513372712,Gas-heavy contrast
TX,2011,9.0,46.041509449390325,12.550962705444588,Gas-heavy contrast
TX,2012,8.55,49.766183399361736,11.681668292725423,Gas-heavy contrast
TX,2013,8.66,47.025321347026875,11.661150942019344,Gas-heavy contrast
TX,2014,8.94,46.779542149322474,11.846021137469586,Gas-heavy contrast
TX,2015,8.7,52.849601718295126,11.514339899669643,Gas-heavy contrast
TX,2016,8.43,49.76928949282763,11.018004766527643,Gas-heavy contrast
TX,2017,8.38,45.16663894436937,10.724191498041776,Gas-heavy contrast
TX,2018,8.48,50.21721299519951,10.593423202061274,Gas-heavy contrast
TX,2019,8.6,52.90345106900237,10.552128046562387,Gas-heavy contrast
TX,2020,8.36,52.08484302701923,10.132645212143224,Gas-heavy contrast
TX,2021,9.14,48.38094925842594,10.580940546924014,Gas-heavy contrast
TX,2022,10.16,48.736309982715056,10.890229929439103,Gas-heavy contrast
TX,2023,10.04,51.55517656402002,10.336123688062434,Gas-heavy contrast
TX,2024,9.79,51.75500049877962,9.79,Gas-heavy contrast
US,2001,7.29,17.104363684422225,12.912438226990403,Other states
US,2002,7.2,17.9088841719797,12.554534741523069,Other states
US,2003,7.44,16.736454912404827,12.68394652173913,Other states
US,2004,7.61,17.884148940505504,12.637232874536792,Other states
US,2005,8.14,18.764017980616202,13.074390476190478,Other states
US,2006,8.9,20.086115154432445,13.848373511904763,Other states
US,2007,9.13,21.569517748427412,13.812833723992247,Other states
US,2008,9.74,21.434753182837056,14.190842022637867,Other states
US,2009,9.82,23.313962760394823,14.358483524986367,Other states
US,2010,9.83,23.943827682100768,14.141151218035734,Other states
US,2011,9.9,24.72327043156692,13.806058975989048,Other states
US,2012,9.84,30.285703200091223,13.444165614083992,Other states
US,2013,10.07,27.664670449059887,13.559790991470532,Other states
US,2014,10.44,27.522107310856935,13.833608576642337,Other states
US,2015,10.41,32.72276697037127,13.777503259259886,Other states
US,2016,10.27,33.82577457363843,13.422883624227627,Other states
US,2017,10.48,32.15762338274892,13.41163805483029,Other states
US,2018,10.53,35.20323750160525,13.154333292182217,Other states
US,2019,10.54,38.457920994372316,12.932491815205529,Other states
US,2020,10.59,40.57067910626343,12.835491961315402,Other states
US,2021,11.1,38.42592455405844,12.849938738605749,Other states
US,2022,12.36,39.87703391669207,13.248350583451506,Other states
US,2023,12.68,43.17346726840706,13.05398888093941,Other states
US,2024,12.94,43.398952361818424,12.94,Other states
UT,2001,5.21,4.033265697451452,9.2282308865048,Other states
UT,2002,5.39,3.7701619506532493,9.39846420233463,Other states
UT,2003,5.41,3.6374898727545104,9.223138532608697,Other states
UT,2004,5.69,2.3810597394633626,9.448864002117523,Other states
UT,2005,5.92,3.0852795972323532,9.508647619047618,Other states
UT,2006,5.99,8.212014136330849,9.320422172619049,Other states
UT,2007,6.41,16.36278743271679,9.69772882484012,Other states
UT,2008,6.49,15.81473299323127,9.455704797425025,Other states
UT,2009,6.77,14.799278854490003,9.898873061523188,Other states
UT,2010,6.94,15.279277044584468,9.983681531349745,Other states
UT,2011,7.13,12.871062401114926,9.943151565535546,Other states
UT,2012,7.84,16.69824762661872,10.711611627481556,Other states
UT,2013,8.15,15.538400166017203,10.97440879647317,Other states
UT,2014,8.35,19.131005323661608,11.064236744728307,Other states
UT,2015,8.54,19.589600449306207,11.302581924503306,Other states
UT,2016,8.72,22.791567655972916,11.397034586491229,Other states
UT,2017,8.6,15.692482248150293,11.005733518276763,Other states
UT,2018,8.21,22.15625411424141,10.256132604825833,Other states
UT,2019,8.24,23.95210291128164,10.11041105856675,Other states
UT,2020,8.27,25.507782190398338,10.02356171105556,Other states
UT,2021,8.34,25.10554227476172,9.654818836033508,Other states
UT,2022,8.8,28.200565870503922,9.432482616049617,Other states
UT,2023,9.03,35.329744665675165,9.296334352908742,Other states
UT,2024,9.97,33.131670586242244,9.97,Other states
VA,2001,6.18,5.66235092892156,10.946346809712027,Other states
VA,2002,6.23,5.848795312769167,10.86315992217899,Other states
VA,2003,6.27,6.1334505032703746,10.689293641304348,Other states
VA,2004,6.43,8.15944960230692,10.677714505029115,Other states
VA,2005,6.64,10.5072840805672,10.665104761904761,Other states
VA,2006,6.86,9.874771753377882,10.674139583333336,Other states
VA,2007,7.12,13.91496867165497,10.771892236015859,Other states
VA,2008,8.0,12.816828947739738,11.655722400523914,Other states
VA,2009,8.93,17.41013742374547,13.057154570074161,Other states
VA,2010,8.69,23.297177815515667,12.501180476574824,Other states
VA,2011,8.84,27.496830572937746,12.327834479570019,Other states
VA,2012,9.07,35.39442997934598,12.392132329242054,Other states
VA,2013,8.96,29.456669439429444,12.065116909987683,Other states
VA,2014,9.17,27.070598326068335,12.15078454480941,Other states
VA,2015,9.31,39.430859211848535,12.32166717999131,Other states
VA,2016,9.09,44.19523289080956,11.880624356789594,Other states
VA,2017,9.18,49.2239420201139,11.747980662532637,Other states
VA,2018,9.48,52.51885942914289,11.842647636266612,Other states
VA,2019,9.52,59.88491674365829,11.680960349217898,Other states
VA,2020,9.16,60.76588203728185,11.102276332922482,Other states
VA,2021,9.14,57.35164383064275,10.580940546924014,Other states
VA,2022,10.75,54.541177890599656,11.522635013924246,Other states
VA,2023,10.68,55.573312717912835,10.995000098456853,Other states
VA,2024,10.62,59.39522942933554,10.62,Other states
VT,2001,10.86,0.20070743898402624,19.23581332580463,Restructured NE / ISO-NE
VT,2002,10.87,0.0600235695604442,18.9538600889383,Restructured NE / ISO-NE
VT,2003,10.98,0.03365980077512101,18.719050108695654,Restructured NE / ISO-NE
VT,2004,11.02,0.05893558746112472,18.299908840656432,Restructured NE / ISO-NE
VT,2005,10.95,0.03918306801673327,17.58778571428571,Restructured NE / ISO-NE
VT,2006,11.37,0.026466811888299045,17.691686160714287,Restructured NE / ISO-NE
VT,2007,12.04,0.032437080820704504,18.21539080359985,Restructured NE / ISO-NE
VT,2008,12.33,0.03892838584584418,17.964382149807484,Restructured NE / ISO-NE
VT,2009,12.75,0.060845760186137764,18.64263390464116,Restructured NE / ISO-NE
VT,2010,13.24,0.05714510142764566,19.04667773416003,Restructured NE / ISO-NE
VT,2011,13.8,0.04836576403293565,19.244809481681706,Restructured NE / ISO-NE
VT,2012,14.22,0.0384011218753904,19.42845884474333,Restructured NE / ISO-NE
VT,2013,14.61,0.04399665355102682,19.67314264005804,Restructured NE / ISO-NE
VT,2014,14.57,0.03505705980919289,19.30609932583131,Restructured NE / ISO-NE
VT,2015,14.41,0.07532616532302211,19.071452638418343,Restructured NE / ISO-NE
VT,2016,14.46,0.10281460877864095,18.899211023011834,Restructured NE / ISO-NE
VT,2017,14.6,0.08438452069405451,18.684152251958224,Restructured NE / ISO-NE
VT,2018,15.13,0.08247223962384949,18.90076568952678,Restructured NE / ISO-NE
VT,2019,15.36,0.08083682490769928,18.84659148781375,Restructured NE / ISO-NE
VT,2020,16.33,0.09372071227741331,19.792595252906562,Restructured NE / ISO-NE
VT,2021,16.34,0.09745206037093462,18.916035944938553,Restructured NE / ISO-NE
VT,2022,16.99,0.06864090549214247,18.211122687123066,Restructured NE / ISO-NE
VT,2023,17.53,0.05096365251336687,18.047036678459612,Restructured NE / ISO-NE
VT,2024,18.41,0.047279837761096045,18.41,Restructured NE / ISO-NE
WA,2001,5.34,11.28765230421694,9.45849384528515,Other states
WA,2002,5.88,4.592330847741151,10.252870038910507,Other states
WA,2003,5.86,7.075904755028415,9.990312717391307,Other states
WA,2004,5.8,8.289331659127429,9.631530968766544,Other states
WA,2005,5.87,8.413155973298904,9.428338095238095,Other states
WA,2006,6.14,6.927163999977634,9.553821726190476,Other states
WA,2007,6.37,6.81127135203399,9.637212576323178,Other states
WA,2008,6.55,8.850934856068681,9.543122715428954,Other states
WA,2009,6.59,11.45891237642054,9.635682935810605,Other states
WA,2010,6.66,10.011560630627612,9.580881700113732,Other states
WA,2011,6.78,4.207355469596977,9.455058571434922,Other states
WA,2012,6.94,4.654059987414953,9.48196233351046,Other states
WA,2013,7.09,10.006147541143523,9.547062376318376,Other states
WA,2014,7.13,9.506060560971138,9.44766562753447,Other states
WA,2015,7.4,11.937259076883278,9.793806351443147,Other states
WA,2016,7.68,9.626193376535726,10.037755232139062,Other states
WA,2017,7.94,9.359912432939042,10.161107457571802,Other states
WA,2018,8.0,9.023101358038216,9.993795473642711,Other states
WA,2019,8.04,14.77375536624684,9.865012731902508,Other states
WA,2020,8.33,12.069501106442653,10.096284045114004,Other states
WA,2021,8.75,14.971113968154814,10.129456212864893,Other states
WA,2022,9.05,12.453731880487272,9.700450872187389,Other states
WA,2023,9.58,18.849783371028174,9.862556268091447,Other states
WA,2024,10.13,17.67371635875728,10.13,Other states
WI,2001,6.08,3.801624517125285,10.769221456804067,Other states
WI,2002,6.28,3.5534193082840093,10.950344191217344,Other states
WI,2003,6.64,4.122238915013824,11.320081304347827,Other states
WI,2004,6.88,3.9794270265797134,11.424988459502382,Other states
WI,2005,7.48,10.330495285829617,12.014304761904764,Other states
WI,2006,8.13,8.693211629367713,12.650255803571431,Other states
WI,2007,8.48,10.236134267793204,12.829444685591922,Other states
WI,2008,9.0,8.26028002244187,13.112687700589403,Other states
WI,2009,9.38,9.146474277615427,13.715129884355614,Other states
WI,2010,9.78,8.546830042640593,14.069222676743587,Other states
WI,2011,10.21,9.864751391148765,14.238369913621028,Other states
WI,2012,10.28,18.104842629923343,14.04532749113653,Other states
WI,2013,10.51,12.283426550221217,14.152274411157425,Other states
WI,2014,10.57,13.1884547686035,14.005866154703975,Other states
WI,2015,10.73,20.190985609548427,14.201019209592564,Other states
WI,2016,10.67,23.816478590825678,13.945683375901536,Other states
WI,2017,10.76,20.974112086575563,13.76996426240209,Other states
WI,2018,10.58,25.47690399851506,13.216794513892486,Other states
WI,2019,10.66,32.393019633719845,13.079730811204076,Other states
WI,2020,10.82,35.80583885265306,13.114260908539439,Other states
WI,2021,11.01,33.20343771158595,12.745750046130567,Other states
WI,2022,11.95,38.00897012183451,12.808882643385557,Other states
WI,2023,12.72,40.961989540790654,13.095168656589063,Other states
WI,2024,12.72,40.20685043267741,12.72,Other states
WV,2001,5.07,0.3370919351916881,8.980255392433655,Other states
WV,2002,5.11,0.2544697596396251,8.910232295719844,Other states
WV,2003,5.13,0.29335069298936856,8.74578570652174,Other states
WV,2004,5.13,0.28446935484765934,8.518923080995236,Other states
WV,2005,5.15,0.3066361118568359,8.271880952380954,Other states
WV,2006,5.04,0.38568874813458937,7.842225000000001,Other states
WV,2007,5.34,0.4139051758629644,8.078919177011892,Other states
WV,2008,5.61,0.197984930209297,8.173575333367396,Other states
WV,2009,6.65,0.15460739357180786,9.723412977714801,Other states
WV,2010,7.45,0.17279715256098088,10.717352652529627,Other states
WV,2011,7.88,0.3183110105235825,10.989065124322595,Other states
WV,2012,8.14,0.3308578317542961,11.121494725471923,Other states
WV,2013,7.91,0.3554290538761695,10.6512360220985,Other states
WV,2014,7.65,0.8059528857398307,10.136695939781022,Other states
WV,2015,8.11,1.8032023644590076,10.733482366243772,Other states
WV,2016,8.98,1.6124824091678904,11.73685442507927,Other states
WV,2017,9.0,2.0812278787541705,11.517628100522193,Other states
WV,2018,8.72,2.112134711246743,10.893237066270554,Other states
WV,2019,8.49,3.5093180687642405,10.417158966897054,Other states
WV,2020,8.75,4.9004551288790585,10.605340383523114,Other states
WV,2021,8.87,3.988201724638364,10.268374469498466,Other states
WV,2022,9.74,3.7244535285754825,10.440043259127645,Other states
WV,2023,10.26,7.0374532883873675,10.562612454135516,Other states
WV,2024,11.05,7.4755758583813865,11.05,Other states
WY,2001,4.46,1.3217563023179477,7.899790739695088,Other states
WY,2002,4.68,1.6286374522800524,8.160447581989994,Other states
WY,2003,4.76,0.6422595094616812,8.114998043478261,Other states
WY,2004,4.98,0.1939336010914576,8.26983176283748,Other states
WY,2005,5.16,0.7131889536504757,8.287942857142857,Other states
WY,2006,5.27,1.104109944478426,8.20010431547619,Other states
WY,2007,5.29,1.3017326793749662,8.003273866365715,Other states
WY,2008,5.67,1.0638155572178574,8.260993251371323,Other states
WY,2009,6.08,1.0602267099423732,8.88997757962496,Other states
WY,2010,6.2,0.9538447956819947,8.919139120225998,Other states
WY,2011,6.58,0.9633603514220946,9.17614828909171,Other states
WY,2012,7.19,1.0343404289283713,9.823531581835764,Other states
WY,2013,7.55,0.9763885666632576,10.166476860536495,Other states
WY,2014,7.76,1.1210539046831827,10.282452351987025,Other states
WY,2015,7.97,1.475097709110178,10.548194137973226,Other states
WY,2016,8.19,1.689241164653341,10.704324915523296,Other states
WY,2017,8.28,1.6665773106179844,10.596217852480418,Other states
WY,2018,8.09,1.943353914466248,10.106225672721193,Other states
WY,2019,8.1,2.442135436211979,9.938632229901783,Other states
WY,2020,8.27,3.2698516095395895,10.02356171105556,Other states
WY,2021,8.25,3.4530034736634976,9.550630143558328,Other states
WY,2022,8.24,3.5843449738337516,8.832233722301003,Other states
WY,2023,8.39,4.9314682101700225,8.637457942514326,Other states
WY,2024,9.14,13.328841304718964,9.14,Other states
